title	description	start_date	end_date	link	image	category	location
Dark & Late Comedy Show	Dark is Bangalore`s only show which promotes dark jokes. Dark is a show where you get to hear jokes on topics you cannot imagine jokes being made on. These jokes will never come on Youtube...	-	-	https://in.bookmyshow.com/events/dark/ET00346778	-	comedy	1022, 1st floor, TAG Comedy Club, Besides Chai Nagri, 80 Feet Rd, 4th Block, S T Bed Layout, Koramangala, Bengaluru, Karnataka, India
Happy Hour Comedy Show	"üé≠ Comedy Happy Hour üé≠Get ready for a laughter-packed evening! üòÑ Join us for Comedy Happy Hour, where the only thing on the menu is pure, unfiltered joy. Our tagline says it all: ""We Serve Only..."	-	-	https://allevents.in/bangalore/happy-hour-comedy-show/3900027819465815	https://encrypted-tbn0.gstatic.com/images?q=tbn:ANd9GcRHmMgJEhbm8S1L_5lVnsaZl436dElx6zV66-ApMF6upQ&s=10	comedy	2nd Floor, The Comedy Theatre : Church Street, Bangalore, Brigade Gardens, 205, Church St, above Indian Coffee House, Shanthala Nagar, Ashok Nagar, Bengaluru, Karnataka, India
Brunchtime Comedy	Brunch Comedy Show is the perfect way to kickstart your weekend, with a heavy dose of comedy that keeps you full throughout the weekend. Also check out other Comedy events in Bangalore	-	-	https://allevents.in/bangalore/brunchtime-comedy/3900027909820656	https://encrypted-tbn0.gstatic.com/images?q=tbn:ANd9GcSYKWwFn8ad9WEL9DgrHGM4DqgXX_o2t7k3DV-9yPqQFw&s=10	comedy	2nd Floor, The Comedy Theatre : Church Street, Bangalore, Brigade Gardens, 205, Church St, above Indian Coffee House, Shanthala Nagar, Ashok Nagar, Bengaluru, Karnataka, India
Red Flags ‚Äì A Stand Up Comedy Show 21st June 2025	Watch Red Flags: A Stand Up Comedy Show 2025 live at Wire Up comedy Club on 19 April at 7:30 PM. Laugh out loud with fresh takes and sharp humor.	21/06/1900 19:30	-	https://www.premiertickets.co/event/red-flags-a-stand-up-comedy-show-21st-june-2025/	https://encrypted-tbn0.gstatic.com/images?q=tbn:ANd9GcQPmOND1WSQ40z7ThdohzGyPt8OU0kM2O8dx6WwBQdQzreKnZtUSUj4iCP4mw&s=10	comedy	Wireup Global Music Private Limited, 641, 80 Feet Rd, 4th Block, Koramangala, Bengaluru, Karnataka, India
It's A Comedy Show	The best stand up comedians in Bangalore come together to test and hone their content. The genre of comedy could be anything from light to dark, observational to anecdotal, offensive to mild. Also...	-	-	https://allevents.in/bangalore/its-a-comedy-show/3900027673670748	https://encrypted-tbn0.gstatic.com/images?q=tbn:ANd9GcTfQPd1rss8Lnn35RSga_W6SQq-iJEvGIOTPxJN-DjDqg&s=10	comedy	545, Mon Cheri Resto-Cafe, jk horizon, Chinmaya Mission Hospital Rd, opposite Bank of Baroda, Indiranagar, Bengaluru, Karnataka, India
INAPPROPRIATE: A Dark & Dirty Comedy Show ‚Äì 22nd June 2025	INAPPROPRIATE kicks off on 22 june, 8:30 PM at Wire Up Comedy Club. Unfiltered comedy and wild punchlines you‚Äôll be quoting long after.	22/06/1900 20:30	-	https://www.premiertickets.co/event/inappropriate-a-dark-dirty-comedy-show-22nd-june-2025/	https://encrypted-tbn0.gstatic.com/images?q=tbn:ANd9GcT-lKohQ2obY9Ie8eYvBiyBRyYLfeC2ToCY4l_KWE0HXHBnjuwBlUGMMr8TDw&s=10	comedy	Wireup Global Music Private Limited, 641, 80 Feet Rd, 4th Block, Koramangala, Bengaluru, Karnataka, India
Spoiler Alert - A Standup Comedy Solo by Anshu Mor	"Get ready to laugh and feel all the feels with Anshu Mor in his brand-new standup comedy solo show, ""Spoiler Alert!"" Join him with your family and friends as he explores the ups and downs of..."	-	-	https://allevents.in/bangalore/spoiler-alert-a-standup-comedy-solo-by-anshu-mor/3900027974274125	https://encrypted-tbn0.gstatic.com/images?q=tbn:ANd9GcSoObGX_aCT_S3b85fctNBcxF96BQJXaLqzZa35PErX1A&s=10	comedy	3rd floor, #950, The Comedy Theatre - Indiranagar, Bangalore, Bayt Towers, 12th Main Rd, opposite to Araku Coffee, HAL, Indiranagar, Bengaluru, Karnataka, India
KARN-FESSIONS : A standup comedy solo show	Join KARN-FESSIONS, an IITian turned stand-up comedian`s solo show, for a night of brilliant laughs and sharp wit. With hilarious insights from the world of engineering and everyday life, he...	-	-	https://allevents.in/bangalore/karn-fessions-a-standup-comedy-solo-show/3900027866468542	-	comedy	Ministry Of Comedy, 1018, 80 Feet Rd, above Cream Stone, opp. Wooden Street, 4th Block, Koramangala, Bengaluru, Karnataka, India
Glen's Presents Brunchtime Comedy Special	Sunday Brunch Comedy ‚Äì Kalyan Nagar | Glens Bakehouse A late sunday morning comedy show for the fine folks of Kalyan Nagar, perfectly paired with eggs, coffee, and a dash of mild chaos ‚Äî all at...	-	-	https://allevents.in/bangalore/glens-presents-brunchtime-comedy-special/3900028233082556	https://encrypted-tbn0.gstatic.com/images?q=tbn:ANd9GcQnUSK0Xj9XN3G50-1EoSLO1CdJZUTNxt8p4UQLg0Sg_w&s=10	comedy	Glens BakeHouse Kalyan Nagar, 426, 7th Main Rd, HRBR Layout 1st Block, HRBR Layout, Kalyan Nagar, Bengaluru, Karnataka, India
Mohit Morani Live - Stand Up Comedy Solo	Carefully crafted truth bombs, hoping they don‚Äôt expl*de on me	-	-	https://allevents.in/bangalore/mohit-morani-live-stand-up-comedy-solo/3900028018342813	https://encrypted-tbn0.gstatic.com/images?q=tbn:ANd9GcQ0CQyDzTjYEbqJyohtlUlksuksPRxUQWeObWaLE2l4xw&s=10	comedy	Building No.480, The Underground Comedy Club, KHB Colony, 5th Block, Bengaluru, Karnataka, India
MOOR JANA - A Kannada Comedy Show!	This June, catch three of the funniest comics in town light up the stage!Nithin Kamath, Ganesh Kashyap & Harmanpreet Singh are the Moor Jana you don‚Äôt wanna miss!	-	-	https://allevents.in/bangalore/moor-jana-a-kannada-comedy-show/3900027974279204	-	comedy	Building No.480, The Underground Comedy Club, KHB Colony, 5th Block, Bengaluru, Karnataka, India
Dark Jokes - A Dark Jokes Comedy Show	-	-	-	https://www.stubhub.com/dark-jokes-comedy-show-bengaluru-tickets-6-19-2025/event/158403325/	https://encrypted-tbn0.gstatic.com/images?q=tbn:ANd9GcRH6BF9AgZBAj4O0FE2vfzLL46iaXXwZ-R8lHMEHSUeCg&s=10	comedy	2nd Floor, The Comedy Theatre : Church Street, Bangalore, Brigade Gardens, 205, Church St, above Indian Coffee House, Shanthala Nagar, Ashok Nagar, Bengaluru, Karnataka, India
Improv Comedy Jam	Unleash your spontaneity in our Improv Jam‚Äîan interactive playground for on-the-spot creativity. Dive into a world of laughter, quick thinking, and collaborative storytelling as we improvise our...	-	-	https://allevents.in/mobile/amp-event.php?event_id=3900027840748525&slot=2025-06-22	https://encrypted-tbn0.gstatic.com/images?q=tbn:ANd9GcR3NQqo_3jLgqhBG-G9-isCcFVAntJWV7CtRvy4lKUkPQ&s=10	comedy	Small World, 18th Main Road, 138/B, 5th Cross Rd, KHB Colony, 5th Block, Koramangala, Bengaluru, Karnataka, India
All Star Lineup - A Curated Stand Up Comedy Show	-	-	-	https://www.stubhub.com/all-star-lineup-a-curated-stand-up-comedy-show-bengaluru-tickets-6-21-2025/event/158484315/	https://encrypted-tbn0.gstatic.com/images?q=tbn:ANd9GcRH6BF9AgZBAj4O0FE2vfzLL46iaXXwZ-R8lHMEHSUeCg&s=10	comedy	2nd Floor, The Comedy Theatre : Church Street, Bangalore, Brigade Gardens, 205, Church St, above Indian Coffee House, Shanthala Nagar, Ashok Nagar, Bengaluru, Karnataka, India
Kalyan Nagar Comedy Nights	Coffee, Cupcakes, and Crusty sandwiches. These were the ingredients chosen, to create the perfect Bakehouse. But Punchlime accidentally added an extra ingredient to the concoction-- Comedians...	-	-	https://allevents.in/mobile/amp-event.php?event_id=3900027674667249&slot=2025-06-19	https://encrypted-tbn0.gstatic.com/images?q=tbn:ANd9GcQrdJG6KdRklYMTX6jjdtDXzdu5_oR1Z7ZVdUazuZDD2w&s=10	comedy	Glens BakeHouse Kalyan Nagar, 426, 7th Main Rd, HRBR Layout 1st Block, HRBR Layout, Kalyan Nagar, Bengaluru, Karnataka, India
Akshay Srivastava Live Standup Comedy	Akshay Srivastava is a standup comedian from India on a quest to uncover the true purpose of comedy and humor. Is it about spreading sheer happiness? Nope. It`s about the money‚Äîat least for the...	-	-	https://allevents.in/bangalore/akshay-srivastava-live-standup-comedy/3900027819648948	https://encrypted-tbn0.gstatic.com/images?q=tbn:ANd9GcR-7Trokvhd9PLKlzyrEUIGn_rgx81dfbhEarMup5ccrA&s=10	comedy	Ministry Of Comedy, 1018, 80 Feet Rd, above Cream Stone, opp. Wooden Street, 4th Block, Koramangala, Bengaluru, Karnataka, India
Red Flags ‚Äì A Stand Up Comedy Show 28th June 2025	Watch Red Flags: A Stand Up Comedy Show 2025 live at Wire Up comedy Club on 19 April at 7:30 PM. Laugh out loud with fresh takes and sharp humor.	28/06/1900 19:30	-	https://www.premiertickets.co/event/red-flags-a-stand-up-comedy-show-28th-june-2025/	https://encrypted-tbn0.gstatic.com/images?q=tbn:ANd9GcQPmOND1WSQ40z7ThdohzGyPt8OU0kM2O8dx6WwBQdQzreKnZtUSUj4iCP4mw&s=10	comedy	Wireup Global Music Private Limited, 641, 80 Feet Rd, 4th Block, Koramangala, Bengaluru, Karnataka, India
HRC Comedy Night ft. Rupen Paul	A frustrated middle-class South Indian who did not do engineering, not because he was too cool to follow the crowd, but mainly because he didn't get enough marks. His jokes can find him making fun...	-	-	https://www.district.in/events/hrc-comedy-night-ft-rupen-paul-jun29-2025-buy-tickets	https://encrypted-tbn0.gstatic.com/images?q=tbn:ANd9GcQGrLzv_GoFePdq-SVU-4DuJ7voj0Kj8UPQQ_3OMn5dHMA4J2vUaxY7pppz9w&s	comedy	Ground Floor, Hard Rock Cafe Whitefield, 40, ITPL Main Rd Unit no.G, 25 & 26, Bengaluru, Karnataka, India
Improv Comedy Jam	Unleash your spontaneity in our Improv Jam‚Äîan interactive playground for on-the-spot creativity. Dive into a world of laughter, quick thinking, and collaborative storytelling as we improvise our...	-	-	https://allevents.in/mobile/amp-event.php?event_id=3900027840748525&slot=2025-06-29	https://encrypted-tbn0.gstatic.com/images?q=tbn:ANd9GcR3NQqo_3jLgqhBG-G9-isCcFVAntJWV7CtRvy4lKUkPQ&s=10	comedy	Small World, 18th Main Road, 138/B, 5th Cross Rd, KHB Colony, 5th Block, Koramangala, Bengaluru, Karnataka, India
Dark and Late Comedy show	Dark is Bangalore`s only show which promotes dark jokes. Dark is a show where you get to hear jokes on topics you cannot imagine jokes being made on. These jokes will never come on Youtube...	-	-	https://allevents.in/mobile/amp-event.php?event_id=3900027973811854&slot=2025-06-28	https://encrypted-tbn0.gstatic.com/images?q=tbn:ANd9GcRAiVY5aN9PJyswvyMfmHg7trA_QYJkIH39YJt7PdFp5w&s=10	comedy	1022, 1st floor, TAG Comedy Club, Besides Chai Nagri, 80 Feet Rd, 4th Block, S T Bed Layout, Koramangala, Bengaluru, Karnataka, India
Kalyan Nagar Comedy Nights	Coffee, Cupcakes, and Crusty sandwiches. These were the ingredients chosen, to create the perfect Bakehouse. But Punchlime accidentally added an extra ingredient to the concoction-- Comedians...	-	-	https://allevents.in/mobile/amp-event.php?event_id=3900027674667249&slot=2025-06-23	https://encrypted-tbn0.gstatic.com/images?q=tbn:ANd9GcQrdJG6KdRklYMTX6jjdtDXzdu5_oR1Z7ZVdUazuZDD2w&s=10	comedy	Glens BakeHouse Kalyan Nagar, 426, 7th Main Rd, HRBR Layout 1st Block, HRBR Layout, Kalyan Nagar, Bengaluru, Karnataka, India
PRACTICE - A Standup Comedy Show by Manik Mahna	-	-	-	https://www.stubhub.com/manik-mahna-bengaluru-tickets-6-28-2025/event/158470489/	https://encrypted-tbn0.gstatic.com/images?q=tbn:ANd9GcRH6BF9AgZBAj4O0FE2vfzLL46iaXXwZ-R8lHMEHSUeCg&s=10	comedy	2nd Floor, The Comedy Theatre : Church Street, Bangalore, Brigade Gardens, 205, Church St, above Indian Coffee House, Shanthala Nagar, Ashok Nagar, Bengaluru, Karnataka, India
Kalyan Nagar Comedy Nights	Coffee, Cupcakes, and Crusty sandwiches. These were the ingredients chosen, to create the perfect Bakehouse. But Punchlime accidentally added an extra ingredient to the concoction-- Comedians...	-	-	https://allevents.in/mobile/amp-event.php?event_id=3900027674667249&slot=2025-06-30	https://encrypted-tbn0.gstatic.com/images?q=tbn:ANd9GcQrdJG6KdRklYMTX6jjdtDXzdu5_oR1Z7ZVdUazuZDD2w&s=10	comedy	Glens BakeHouse Kalyan Nagar, 426, 7th Main Rd, HRBR Layout 1st Block, HRBR Layout, Kalyan Nagar, Bengaluru, Karnataka, India
Best in Standup ft. Various Artists	-	20/06/1900 20:30	-	https://www.stubhub.com/best-in-standup-bengaluru-tickets-6-20-2025/event/158403357/	https://encrypted-tbn0.gstatic.com/images?q=tbn:ANd9GcRH6BF9AgZBAj4O0FE2vfzLL46iaXXwZ-R8lHMEHSUeCg&s=10	comedy	2nd Floor, The Comedy Theatre : Church Street, Bangalore, Brigade Gardens, 205, Church St, above Indian Coffee House, Shanthala Nagar, Ashok Nagar, Bengaluru, Karnataka, India
Chord Do Aanchal - One Last Time	Aanchal brings her show one last time, Chord to Aanchal to record for YouTube at the underground comedy club. limited seating. Please get your tickets quick. Also check out other Comedy events in...	-	-	https://allevents.in/bangalore/chord-do-aanchal-one-last-time/3900027974082040	https://encrypted-tbn0.gstatic.com/images?q=tbn:ANd9GcSG3tYz9EoJhysdhgDFbSaOf1GxxezcTxDljcrutPAJsw&s=10	comedy	Building No.480, The Underground Comedy Club, KHB Colony, 5th Block, Bengaluru, Karnataka, India
GOD'S FAV IDIOT	GOD'S FAV IDIOT A stand up comedy show by Naman Jain that is strictly based on sacchi ghatnayein aur asli dard. Also check out other Comedy events in Bangalore , Entertainment events in Bangalore	-	-	https://allevents.in/new%20delhi/bhala-manushya-ft-naman-jain/3900027786295454	https://encrypted-tbn0.gstatic.com/images?q=tbn:ANd9GcRTQEgHrkHp6rTImyles_0LmPMVgQrdA1EMEjnvnU9Gbg&s=10	comedy	2nd Floor, The Comedy Theatre : Church Street, Bangalore, Brigade Gardens, 205, Church St, above Indian Coffee House, Shanthala Nagar, Ashok Nagar, Bengaluru, Karnataka, India
Haathi Ke Daant ft. Abinash Mohapatra	Haathi Ke Daant is a hilarious stand-up comedy special by Abinash Mohapatra that explores the gap between appearances and reality. Packed with sharp wit, personal stories, and cultural...	-	-	https://allevents.in/bangalore/haathi-ke-daant-ft-abinash-mohapatra/3900028142981614	https://encrypted-tbn0.gstatic.com/images?q=tbn:ANd9GcT8p1ZIA4osmqucgePPkYjXr0zALgwrf188Rq20CGDYzw&s=10	comedy	Ministry Of Comedy, 1018, 80 Feet Rd, above Cream Stone, opp. Wooden Street, 4th Block, Koramangala, Bengaluru, Karnataka, India
The Buffalo Intellectual Show	The Buffalo Intellectual `Live` Show-- come for an anti-caste comedy show which looks at the absurdities and oddities of the little understood world of `upper caste` Savarnas. From elite...	-	-	https://allevents.in/bangalore/the-buffalo-intellectual-show/3900028161278325	https://encrypted-tbn0.gstatic.com/images?q=tbn:ANd9GcTdanERQGD4oWtR78Y1Rc5V-M_P79DBtgWsnmrseYB18w&s=10	comedy	1022, 1st floor, TAG Comedy Club, Besides Chai Nagri, 80 Feet Rd, 4th Block, S T Bed Layout, Koramangala, Bengaluru, Karnataka, India
Faaltugiri by Manish Chaubey India Tour	Manish Chaubey, a former software engineer from Bihar who left his job to pursue his true passion: procrastination. When he occasionally takes a break from this ‚Äúfull-time career,‚Äù he finds...	-	-	https://allevents.in/bangalore/faaltugiri-by-manish-chaubey-india-tour/3900028219598311	https://encrypted-tbn0.gstatic.com/images?q=tbn:ANd9GcQvhkQrxS9Hu56oMRcA7vpTQph1_7qTCsigkvglRpQ99Q&s=10	comedy	Building No.480, The Underground Comedy Club, KHB Colony, 5th Block, Bengaluru, Karnataka, India
Pratyush Chaubey Live	-	-	-	https://www.stubhub.com/pratyush-chaubey-bengaluru-tickets-6-21-2025/event/158398762/	https://encrypted-tbn0.gstatic.com/images?q=tbn:ANd9GcQrr460304Pn57QmAWEP9Ve5YiiURKM8gZQjQCTYHAVRg&s=10	comedy	2nd Floor, The Comedy Theatre : Church Street, Bangalore, Brigade Gardens, 205, Church St, above Indian Coffee House, Shanthala Nagar, Ashok Nagar, Bengaluru, Karnataka, India
Inder Sahani - Live India Tour	-	-	-	https://www.stubhub.com/inder-chahal-bengaluru-tickets-6-22-2025/event/158052813/	https://encrypted-tbn0.gstatic.com/images?q=tbn:ANd9GcTHTnUlEDDSmxaxXNzkiScL_iX4imk8uPOf3mbclHOylQ&s=10	comedy	2nd Floor, The Comedy Theatre : Church Street, Bangalore, Brigade Gardens, 205, Church St, above Indian Coffee House, Shanthala Nagar, Ashok Nagar, Bengaluru, Karnataka, India
PANNU YAAR BY GURLEEN	Bengaluru, get ready to laugh out loud‚Ä¶‚Ä¶.Pannu Yaar by Gurleen Pannu is coming to town with her brand new stand-up comedy show. Catch her live at Fan Park, Phoenix Mall of Asia, for a night full...	21/06/1900 19:30	-	https://allevents.in/bangalore/pannu-yaar-by-gurleen/3900028227593445	https://encrypted-tbn0.gstatic.com/images?q=tbn:ANd9GcQQghfHclmXulqRfomX0oV9W2H279SJjXPZcI5e9nm8aA&s=10	comedy	Phoenix Mall Of Asia, 239/240, Byatarayanapura, Yelahanka, Hobli, Yelahanka Taluk, Bellary Rd, Bengaluru, Karnataka, India
Dysfunctional by Mohd Suhel	From a fresher to retired or fired, this show is a ultimate guide to surviving the job market by someone who has never been in a corporate. Join Mohd Suhel, take you through his hilarious blunders...	-	-	https://allevents.in/bangalore/dysfunctional-by-mohd-suhel/3900028060244029	https://encrypted-tbn0.gstatic.com/images?q=tbn:ANd9GcQlme0y1-ZOT3tF2TR2s8c328LAcdv-oKBxOmd1J57Ufg&s=10	comedy	Ministry Of Comedy, 1018, 80 Feet Rd, above Cream Stone, opp. Wooden Street, 4th Block, Koramangala, Bengaluru, Karnataka, India
Lessons by Daniel Fernandes	Lessons is a brand new one of a kind show by Daniel Fernandes that promises a night of laughter AND wisdom , and the gods of every religion know that we could use some of that right now.	-	-	https://allevents.in/bangalore/lessons-by-daniel-fernandes/3900027700423639?slot=stvcvhqczzvdpcxatc	https://encrypted-tbn0.gstatic.com/images?q=tbn:ANd9GcR0JJmq_pfVArN0JkrYFGeHmaPliIjyphh-94gUqYI9Qw&s=10	comedy	Building No.480, The Underground Comedy Club, KHB Colony, 5th Block, Bengaluru, Karnataka, India
Best in Standup ft. Various Artists	-	-	-	https://www.stubhub.com/best-in-standup-bengaluru-tickets-6-23-2025/event/158470836/	https://encrypted-tbn0.gstatic.com/images?q=tbn:ANd9GcRH6BF9AgZBAj4O0FE2vfzLL46iaXXwZ-R8lHMEHSUeCg&s=10	comedy	2nd Floor, The Comedy Theatre : Church Street, Bangalore, Brigade Gardens, 205, Church St, above Indian Coffee House, Shanthala Nagar, Ashok Nagar, Bengaluru, Karnataka, India
Best in Standup ft. Various Artists	-	-	-	https://www.stubhub.com/best-in-standup-bengaluru-tickets-6-25-2025/event/158470827/	https://encrypted-tbn0.gstatic.com/images?q=tbn:ANd9GcRH6BF9AgZBAj4O0FE2vfzLL46iaXXwZ-R8lHMEHSUeCg&s=10	comedy	2nd Floor, The Comedy Theatre : Church Street, Bangalore, Brigade Gardens, 205, Church St, above Indian Coffee House, Shanthala Nagar, Ashok Nagar, Bengaluru, Karnataka, India
Vivek Samtani Live	"Vivek Samtani Live""Get ready for a night of unadulterated laughter with Vivek Samtani Live!Join Vivek as he takes the stage to regale you with his sharp wit, clever observations, and hilarious..."	-	-	https://allevents.in/bangalore/vivek-samtani-live/3900027785913810	https://encrypted-tbn0.gstatic.com/images?q=tbn:ANd9GcSGQLI7tuVjOzpLnRoMNt-oNX6pzbcrH0_uavUouhrmUQ&s=10	comedy	3rd floor, #950, The Comedy Theatre - Indiranagar, Bangalore, Bayt Towers, 12th Main Rd, opposite to Araku Coffee, HAL, Indiranagar, Bengaluru, Karnataka, India
Best in Standup ft. Various Artists	-	-	-	https://www.stubhub.com/best-in-standup-bengaluru-tickets-6-27-2025/event/158470829/	https://encrypted-tbn0.gstatic.com/images?q=tbn:ANd9GcRH6BF9AgZBAj4O0FE2vfzLL46iaXXwZ-R8lHMEHSUeCg&s=10	comedy	2nd Floor, The Comedy Theatre : Church Street, Bangalore, Brigade Gardens, 205, Church St, above Indian Coffee House, Shanthala Nagar, Ashok Nagar, Bengaluru, Karnataka, India
Best in Standup ft. Various Artists	-	-	-	https://www.stubhub.com/best-in-standup-bengaluru-tickets-6-30-2025/event/158470831/	https://encrypted-tbn0.gstatic.com/images?q=tbn:ANd9GcRH6BF9AgZBAj4O0FE2vfzLL46iaXXwZ-R8lHMEHSUeCg&s=10	comedy	2nd Floor, The Comedy Theatre : Church Street, Bangalore, Brigade Gardens, 205, Church St, above Indian Coffee House, Shanthala Nagar, Ashok Nagar, Bengaluru, Karnataka, India
Abijit Ganguly Live	Abijit Ganguly is funny. He claims he never been on Tinder. He is also very funny. He`s certain one day he`ll have six pack abs and be better looking than the handomest Bengali Bappi Lahiri. Did...	-	-	https://allevents.in/bangalore/abijit-ganguly-live/3900027786021711	https://encrypted-tbn0.gstatic.com/images?q=tbn:ANd9GcSFqVpErcNAyg01PizxbnTwmtQg7ah266OqxNTzHKYVxQ&s=10	comedy	3rd floor, #950, The Comedy Theatre - Indiranagar, Bangalore, Bayt Towers, 12th Main Rd, opposite to Araku Coffee, HAL, Indiranagar, Bengaluru, Karnataka, India
Forever Green & Gold: Retro Rhythms Concert	Join us for an unforgettable evening of retro magic, melody, and memories. Organized by the Old Cottonians` Association of Bishop Cotton Girls` School to honour the legacy of it`s Alma Mater...	-	-	https://allevents.in/bangalore/forever-green-and-gold-retro-rhythms-concert/3900028245219559	https://encrypted-tbn0.gstatic.com/images?q=tbn:ANd9GcQfVh4GARrnV41D_1RG6Lns6_BROV_6QHSYpS6UMwuVEg&s=10	concerts	Mother Tekla Auditorium, 143, General KS Thimayya Rd, Craig Park Layout, Ashok Nagar, Bengaluru, Karnataka, India
Vidwan Sri Ashwath Narayanan's Concert	Immerse yourself in the soul-stirring melodies of Ashwath Narayanan an acclaimed Carnatic vocalist hailing from a family deeply rooted in this classical tradition. His journey began under the...	-	-	https://allevents.in/bangalore/vidwan-sri-ashwath-narayanans-concert-tickets/80002573095737	https://encrypted-tbn0.gstatic.com/images?q=tbn:ANd9GcR7oSbhtYwiq5e08utWLuwG6G24McUGI70TjpBuj5P0Vg&s=10	concerts	Indiranagar Sangeetha Sabha, Sangeetha Sabha Purandara Bhavana, 8th Main Rd, HAL 2nd Stage, Indiranagar, Bengaluru, Karnataka, India
Candlelight: Western Classical Music on Piano	‚≠ê New to India, Candlelight Concerts offer a musical experience beyond the ordinary. Join us in Bengaluru at Alliance Fran√ßaise de Bangalore for a captivating Candlelight: Western Classical Music...	-	-	https://liveyourcity.com/m/341961	https://encrypted-tbn0.gstatic.com/images?q=tbn:ANd9GcQaa1tUmoLekp6xuyu8f-tsjbpzO8pX0JOEuI-txOfYKw&s	concerts	Alliance Fran√ßaise de Bangalore, Thimmaiah Rd, opposite UNI, Vasanth Nagar, Bengaluru, Karnataka, India
Candlelight: Queen vs ABBA	‚≠ê Candlelight concerts bring the magic of a live, multi-sensory musical experience to awe-inspiring locations like never seen before in Bengaluru. Get your tickets now to discover the music of...	-	-	https://liveyourcity.com/m/286336	https://encrypted-tbn0.gstatic.com/images?q=tbn:ANd9GcR1DaMv0KFajo1zihYm3FjCReQvmpRt74Vdt-d6ISPAHg&s=10	concerts	Alliance Fran√ßaise de Bangalore, Thimmaiah Rd, opposite UNI, Vasanth Nagar, Bengaluru, Karnataka, India
Candlelight: Tribute to A.R. Rahman	√¢¬≠ New to India, Candlelight Concerts offer a musical experience beyond the ordinary. Join us in Bengaluru at Hyatt Centric Hebbal Bengaluru for a captivating Candlelight: Tribute to A.R. Rahman...	-	-	https://internationalexhibitions.in/entertainmentevents/candlelight-tribute-to-a-r-rahman-8/	-	concerts	43/4, Hyatt Centric Hebbal Bengaluru, Bellary Rd, Bengaluru, Karnataka, India
Matthew Ifield	Find tickets for Matthew Ifield at GYLT in Bengaluru on 6/19/2025 at 8:00 PM	-	-	https://open.spotify.com/concert/3HiSV6VHsjZF6QchcAxKY9	https://encrypted-tbn0.gstatic.com/images?q=tbn:ANd9GcStJp06fbBfbTB7Jx5lMzLD-LkNrzxwXXbudJQci9OW5xXMCG1WYWxpIRNIQw&s=10	concerts	GYLT, 22, Hennur Bagalur Main Rd, Bengaluru, Karnataka, India
World Music Day with Blr Music Huddle	This World Music Day, we‚Äôre bringing together Bengaluru‚Äôs music community to celebrate the joy of music by creating a space to learn, listen, share, and connect.Blr Music Huddle‚Äôs fourth edition...	-	-	https://district.in/world-music-day-with-blr-music-huddle-jun21-2025/event	https://encrypted-tbn0.gstatic.com/images?q=tbn:ANd9GcRSSU3BsOZlyf8wjx4qvw2bcuDtk285IEAf72HRjMxqxg&s	music	Underline Center, 3rd Floor, above Blue Tokai, #24 3rd A Cross, 1st Main Rd, Bengaluru, Karnataka, India
Let's Jam - Ultimate Musical Experience	Let‚Äôs Jam is back‚Äîand this time, it‚Äôs going to be legendary.Get ready for our most electric celebration yet, where ten phenomenal musicians and hundreds of passionate music lovers come together to...	-	-	https://www.district.in/lets-jam-ultimate-musical-experience-jun21-2025/event/	https://encrypted-tbn0.gstatic.com/images?q=tbn:ANd9GcQ6MAqguPJ02Z6KVeonELrcWDtbCT_IHn6T0hdHc-iIeg&s	music	Sarjapur Social, Sarjapur - Marathahalli Rd, Saket Callipolis, Rainbow Drive, Doddakannelli, Bengaluru, Karnataka, India
World Music Day: AR Rahman Tribute by Root35	World Music Day: AR Rahman Tribute by Root35ÔªøA Night of Soulful Sounds & Rocking RhythmsCelebrate the magic of music on World Music Day with a powerful tribute to the maestro A.R. Rahman, brought...	-	-	https://www.district.in/events/world-music-day-ar-rahman-tribute-by-root35-jun21-2025-buy-tickets	https://encrypted-tbn0.gstatic.com/images?q=tbn:ANd9GcRrQpkWDCHQ5gpgB8mGeypowXQIX-yC7x0LCaNt1PPSaUZYno3MJPYW3KDXcA&s	music	Ground Floor, Hard Rock Cafe Whitefield, 40, ITPL Main Rd Unit no.G, 25 & 26, Bengaluru, Karnataka, India
Candlelight: Western Classical Music on Piano	‚≠ê New to India, Candlelight Concerts offer a musical experience beyond the ordinary. Join us in Bengaluru at Alliance Fran√ßaise de Bangalore for a captivating Candlelight: Western Classical Music...	-	-	https://liveyourcity.com/m/341961	https://encrypted-tbn0.gstatic.com/images?q=tbn:ANd9GcQaa1tUmoLekp6xuyu8f-tsjbpzO8pX0JOEuI-txOfYKw&s	music	Alliance Fran√ßaise de Bangalore, Thimmaiah Rd, opposite UNI, Vasanth Nagar, Bengaluru, Karnataka, India
Open Mic - Music	Dive into an enchanting evening of creativity at our Open Mic for Music! Whether you`re a performer or an admirer, join us for a night filled with soulful melodies and heartfelt verses. Showcase...	-	-	https://allevents.in/bangalore/open-mic-music/3900027819377025	https://encrypted-tbn0.gstatic.com/images?q=tbn:ANd9GcREOaprsknSqtCM6q-iSfNZgMhSUkcGCfqsuiWf4Vs0Sw&s=10	music	2nd Floor, Bloom Creative Zone : ECity 1 (Neotown), Bloom Creative Zone, VJR Arcade, Lake, Neotown, opp. Maragondananahalli, Electronic City Phase I, Electronic City, Bengaluru, Karnataka, India
World Music Day: Girish And The Chronicles Live	Girish and the Chronicles, also known as GATC, is an Indian rock band from Gangtok, Sikkim, formed in 2009 by vocalist Girish Pradhan. The line-up consists of Girish Pradhan on the vocals, Yogesh...	21/06/1900 21:30	-	https://allevents.in/bangalore/world-music-day-girish-and-the-chronicles-live/3900028227647852	-	music	Hard Rock Cafe Bengaluru, 40, St Mark's Rd, Bengaluru, Karnataka, India
Indie Hub: Raw Voices and Real Music	INDIE HUBRaw Voices. Real Music.Step into a night of stripped-down soul and storytelling as Chennai‚Äôs indie gems Anjali Manoharan and Nikhil K bring their original music to Bangalore.Opening the...	-	-	https://www.district.in/events/indie-hub-raw-voices-real-music-jun21-2025-buy-tickets	https://encrypted-tbn0.gstatic.com/images?q=tbn:ANd9GcQF-hVr2P2gW79A8l3cR2SyGHs84ROaB1URHv9NbIRuxw&s	music	Zo House Bangalore (Koramangala), S-1, P-2, Anaa Infra's Signature Towers Nirguna Mandir Layout, Cauvery Colony, 1st Block Koramangala, Koramangala, Bengaluru, Karnataka, India
Music Open Mic	Dive into an enchanting evening of creativity at our Open Mic for Music! Whether you're a performer or an admirer, join us for a night filled with soulful melodies and heartfelt verses. Showcase...	-	-	https://www.district.in/events/open-mic-music-apr26-2025-buy-tickets	https://encrypted-tbn0.gstatic.com/images?q=tbn:ANd9GcSxKPGfFz_ATKMt5zNE13V9c4i1VRMVNFasNTExGTnaFA&s	music	2nd Floor, Bloom Creative Zone : ECity 1 (Neotown), Bloom Creative Zone, VJR Arcade, Lake, Neotown, opp. Maragondananahalli, Electronic City Phase I, Electronic City, Bengaluru, Karnataka, India
Indigo Indie Fest - World Music Day Edition	Indigo Indie Fest ‚Äì World Music Day EditionPresented by Indigo 91.9FMCelebrate World Music Day with an evening of genre-defying indie music, vibrant energy, and unforgettable experiences. Indigo...	-	-	https://www.district.in/indigo-indie-fest-world-music-day-edition-jun21-2025/event	https://encrypted-tbn0.gstatic.com/images?q=tbn:ANd9GcQeFokEZSSiN11NMFhb2ppVuhtPyHJrrwKcu63DGnYB-ZJ3CCHanL_PS0WBrw&s	music	18, Adda 1522, 1, Cambridge Rd, Halasuru, Cambridge Layout, Jogupalya, Bengaluru, Karnataka, India
Houdini Waka - The Journey of House Music	Highlights DJ Night ft DJ Houdini Waka Nonstop Music EDM Techno Afro House Commercial Mouthwatering Appetizers Cocktails and Mocktails Every Thursday, Waka becomes the weekly ritual for those who...	-	-	https://highape.com/artist/houdini-laVWQGkOLG?parent_city=bangalore	https://encrypted-tbn0.gstatic.com/images?q=tbn:ANd9GcQEU2vGm5ppEHn0EvpQMWJ8JvsxiV6h3vT7QohZjsvCAg&s	music	Secret Story Bar & Kitchen, 968, 3rd & 4th Floor, 12th Main Rd, HAL 2nd Stage, Indiranagar, Bengaluru, Karnataka, India
YAB V Open Call	About If you are between the ages 14 and 17, fascinated by the arts and curious about the behind-the-scenes at a museum, then this opportunity is for you! The Youth Advisory Board is a unique...	-	-	https://indianmusicexperience.org/bird-song/	https://encrypted-tbn0.gstatic.com/images?q=tbn:ANd9GcTjtJHRRZ0DPtDnCl6fqrnGvMhDBQ1czkVufucLdtXk-A&s=10	music	Indian Music Experience Museum, Brigade Millenium Rd, JP Nagar 7th Phase, Bengaluru, Karnataka, India
Tour Magizhchi-round 2 Motta Maadi Music Bengaluru - Ticket9	Tour Magizhchi-round 2 Motta Maadi Music Bengaluru ‚Äî a Concert event from 21 Jun 2025 at 07:00 PM onwards. Happening physically at GOOD SHEPHERD AUDITORIUM, Bengaluru. Free to attend. Register now!...	-	-	https://www.theticket9.com/event/tour-magizhchi-round-2-motta-maadi-music-bengaluru	https://encrypted-tbn0.gstatic.com/images?q=tbn:ANd9GcTP_6Und6YaNbXrxqja7vpzME-tr2CgyZ2wd9DyBKLfJJzwukwSWcojcYspihsY&s	music	GOOD SHEPHERD AUDITORIUM, SACRED HEART GIRLS HIGH SCHOOL, Shanthala Nagar, Ashok Nagar, Bengaluru, Karnataka, India
Music & Poetry Open Mic	Looking for a platform for your first foray into the world of music or poetry performances, but worried you might break a string, lose your voice, or present to a crowd who barely knows you...	-	-	https://www.district.in/events/music-poetry-open-mic-jun28-2025-buy-tickets	https://encrypted-tbn0.gstatic.com/images?q=tbn:ANd9GcR1o0gY5sNfosUfUuj1wh1EWV7XzlPwljy7KKvKUDHAGw&s	music	VHM2+FV8 THE CIRCULAR SQUARE, 24, Doddakalansandra Gubbalala gate, next to Lakshmi Vilas Bank, Navaratan Gardens, Konanakunte, Bengaluru, Karnataka, India
Marham- A Musical Poetry Evening	Catalyzed by Quirksmith, an intimate, curated journey where music and poetry come together to stir the soul.At MARHAM, we take you on an internal journey‚Äîone that moves gently through memory...	-	-	https://www.district.in/events/marham-a-musical-poetry-evening-jun22-2025-buy-tickets	https://encrypted-tbn0.gstatic.com/images?q=tbn:ANd9GcR4syEvfPUYIjoKfmbd3tW26PndrBzMge88Lf_H3Vm3iA&s	music	Namma Ashram - Cafe, Yoga, Stay, Shop, Events & more, 126/5/4, Nallurahalli Main Rd, Bengaluru, Karnataka, India
Magic with Music by Kalyan	üé∂‚ú® Abraca-GUITAR! ‚ú®üé∂Ready to witness melodies that magically hit the right note? Bloom presents Magic with Music by Kalyan ‚Äî a spellbinding fusion of soulful strumming and mind-bending...	-	-	https://insider.in/magic-with-music-by-kalyan-jun28-2025/event	https://encrypted-tbn0.gstatic.com/images?q=tbn:ANd9GcQAPuIIzv7K542O2cazxbPDWrNDHzSgHZfqdTsvgMMlTQ&s	music	2nd Floor, Bloom Creative Zone - Haralur, Bloom Creative Zone, S.L.R. ARCADE, Haralur Main Rd, near HSR Layout, above Happyland Hypermarket, Haralur, Bengaluru, Karnataka, India
Swaradi Live Bollywood Music Show	Get ready for an electrifying evening filled with Bollywood rhythms and pop beats as Swaradi Live brings you a soulful tribute to the legends ‚Äì Arijit Singh, KK, Shankar Mahadevan, Mohit Chauhan...	-	-	https://insider.in/swaradi-live-bollywood-music-show-jun28-2025/event	https://encrypted-tbn0.gstatic.com/images?q=tbn:ANd9GcQxUeStCNx2Y21HFXLNSa-zsIOtr1Uwq8fc9Cq0anwFXA&s	music	2nd Floor, Bloom Creative Zone : ECity 1 (Neotown), Bloom Creative Zone, VJR Arcade, Lake, Neotown, opp. Maragondananahalli, Electronic City Phase I, Electronic City, Bengaluru, Karnataka, India
Shaam-e-sukhan - Live Ghazal and Sufi Music	Shaam-e-sukhan is an evening filled with the soulful charm of Ghazal and Sufi music performances. Featuring the mesmerising vocals of Koyel Mukherjee, finalist at Zee: Sa Re Ga Ma Pa, along with...	-	-	https://www.district.in/events/shaamesukhan-live-ghazal-and-sufi-music-jun28-2025-buy-tickets	https://encrypted-tbn0.gstatic.com/images?q=tbn:ANd9GcSPtkBS47n9Mm8vaPu2ShSy7TFa4UqEM2q4dPFIex3-Xw&s	music	31/2, 1st Floor, Artkhoj, 22nd Main Rd, R.K Colony, Marenahalli, 2nd Phase, J. P. Nagar, Bengaluru, Karnataka, India
Malluminati: South Soul Live	Malluminati is coming back to the city.Here we bring again South Soul live, where we celebrate the essence of Mallu vibe this week for all Bengaluru Malayalee in the city.A night towards the south.	-	-	https://insider.in/malluminati-south-soul-live-jun22-2025/event	-	music	3rd floor, LUX Pub & Kitchen, 20th Main Rd, KHB Colony, 7th Block, Koramangala, Bengaluru, Karnataka, India
Answer Music Live	ABOUT VENUEPangeo offers culinary excellence, luring visitors with delectable delights. The cuisine transports diners on a global tour, satisfying diverse palates with starters, main courses, and...	-	-	https://insider.in/answer-music-live-jun28-2025/event	https://encrypted-tbn0.gstatic.com/images?q=tbn:ANd9GcQ2FZItTPEXY1gx_GHKe5aiAZ_6azdu5ola6cBye9FwOQ&s	music	4th floor, 171 - 172, Pangeo, Forum Rex Walk, Brigade Rd, Bengaluru, Karnataka, India
Friyay Night	Highlights DJ Night ftDJ Savio EDM and Hip Hop Music Dance Floor Non-Stop Music Ladies Night - Free Drinks For Ladies Flaunt your beautiful outfit and experience the night of glamour. BigTree...	-	-	https://highape.com/bangalore/events/friyay--daysie-mg-road-5ewaepG9wE	https://encrypted-tbn0.gstatic.com/images?q=tbn:ANd9GcSEQ_mJgRGDTR6wOfrWugo5piALYPpDg2nK6x6fMuEyzw&s=10	music	Ground Floor, No. 18, Daysie (MG Road) : All Day Casual Bar, Ramanashree Arcade, Mahatma Gandhi Rd, Craig Park Layout, Bengaluru, Karnataka, India
Redroom Ft. Elecktraa & Beat Inspector	Get ready for a night of high-voltage music and electrifying vibes as Kitty Ko brings you Elecktraa x Beatinspector, live at The Lalit Ashok Bangalore. Two powerhouse names in the Indian...	-	-	https://www.district.in/events/redroom-ft-elecktraa-beat-inspector-jun20-2025-buy-tickets	https://encrypted-tbn0.gstatic.com/images?q=tbn:ANd9GcSG17KaBWlBZqLwnSsg48RVy_o2jp9WaOrQgfMw69VSKA&s	music	Kitty Ko, HOTEL, THE LALIT ASHOK, Kumara Park East, Seshadripuram, Bengaluru, Karnataka, India
Tipsyaana Shaam	Get ready for a night that touches the soul and stirs the spirit! Join us at Tipsy Bull Whitefield for Tipsyyaana Shaam ‚Äì a mesmerizing Sufi Night featuring the enchanting sounds of Sukoon Wali...	-	-	https://allevents.in/bangalore/tipsyaana-shaam/3900028340345153	https://encrypted-tbn0.gstatic.com/images?q=tbn:ANd9GcRA3Aaa2k0pW2shgn-WjzunGVhHmeLFSfOuq7L3m-w6pQ&s	music	Tipsyy Bull Brewhouse And Kitchen - Whitefield, 13/4, Hoodi Main Road, Graphite India Main Rd, Signal, Bengaluru, Karnataka, India
Antakshari with KJ Latha	üé§ Antakshari with KJ Latha @ Casa Karaoke üé∂ An Evening to Sing, Shine, and Celebrate Music! Get ready for a night full of music, laughter, and unforgettable performances! Join us at Casa Karaoke...	-	-	https://allevents.in/bangalore/antakshari-with-kj-latha/3900027974299855	https://encrypted-tbn0.gstatic.com/images?q=tbn:ANd9GcT2VoE8puykXJnBFnWRD9MNDnkx2VbF6icQNg-nqck84Q&s=10	music	Casa Karaoke and Art Studio, AI 1, 2nd floor, 15th Cross, 100 Feet Ring Rd, above Pizza Hut, J. P. Nagar, Bengaluru, Karnataka, India
Mile Sur Mera Tumhara	On this World Music Day NGO Astha is presenting 3 layered music concerts to respect abilities and celebrate uniqueness. Mile Sur Mera Tumhara is a heartwarming and inclusive celebration of music...	-	-	https://allevents.in/bangalore/mile-sur-mera-tumhara/3900028333806227	https://encrypted-tbn0.gstatic.com/images?q=tbn:ANd9GcQjK5nIpAEfL1VLTDAkXLCf505pQAvNiZQElMEWTFF4Qw&s=10	music	Yuvaka Sangha, Yuvapatha. 4, 31st Cross, 11th Main Rd, 4th Block, Jayanagar, Bengaluru, Karnataka, India
Antakshari with KJ Latha	üé§ Antakshari with KJ Latha @ Casa Karaoke üé∂ An Evening to Sing, Shine, and Celebrate Music! Get ready for a night full of music, laughter, and unforgettable performances! Join us at Casa Karaoke...	-	-	https://allevents.in/mobile/amp-event.php?event_id=3900027974299855&slot=2025-06-21	https://encrypted-tbn0.gstatic.com/images?q=tbn:ANd9GcT2VoE8puykXJnBFnWRD9MNDnkx2VbF6icQNg-nqck84Q&s=10	music	Casa Karaoke and Art Studio, AI 1, 2nd floor, 15th Cross, 100 Feet Ring Rd, above Pizza Hut, J. P. Nagar, Bengaluru, Karnataka, India
OPEN MIC - ROCK THE STAGE	"My School Of Rock Presents: ""Rock the Stage!"" Open Mic Night üé§ Discover, Perform, Shine! üåü ""Rock the Stage!"" is an exhilarating Open Mic Night hosted by My School Of Rock, designed for music..."	-	-	https://allevents.in/bangalore/open-mic-rock-the-stage/3900027700388040	https://encrypted-tbn0.gstatic.com/images?q=tbn:ANd9GcSTnIapGPxFhEQ8N0VEwQ2-eAlInKEmKMWmEVXoeM8jxw&s=10	music	My School Of Rock Bengaluru - Guitar, Drums, Ukulele, Music Classes & Lessons, 346, 1st F Main Rd, Sector 2, Koramangala 8th Block, Adugodi, Bengaluru, Karnataka, India
Friday Nakhra Night	Highlights DJ Night ft DJ Deep Bhamra and DJ Nikz Non-Stop Music Bollywood Music Dance Floor Great Ambience Mouth-Watering Appetizers CocktailsandMocktails Tiara Theme Night Transform your Friday...	-	-	https://highape.com/bangalore/events/friday-bollywood-ladies-night-GVrNmzaEkM	-	music	23, 1st Floor, Badmaash Koramangala, 1st Main Rd, KHB Colony, Koramangala Industrial Layout, Koramangala, Bengaluru, Karnataka, India
Live Band Ft Willington Island At Ignite Super Club	Highlights Live Band ft Willington Island and Anand Sreeraj Nonstop Music Rock Regional Music Great Ambience Mouthwatering Appetizers Cocktails and Mocktails Get ready for an explosive night of...	-	-	https://highape.com/bangalore/tags/rock	-	music	Ignite Super Club, 26, Haralur Main Rd, near HP Petrol Station, Amblipura, PWD Quarters, Ambalipura, HSR Layout, Bengaluru, Karnataka, India
Friday Night Unplugged @ Urban Solace	Friday Night Unplugged @ Urban Solace is one of the oldest experiences in Urban Solace and has been the platform for the launch of hundreds of musicians and artists with a desire to have their...	-	-	https://insider.in/friday-night-unplugged-urban-solace-jun20-2025/event	https://encrypted-tbn0.gstatic.com/images?q=tbn:ANd9GcQUzK-IiVm5SGTV7kT6YFaMk9zW6iMP793mxljXOAMk_g&s	music	Urban Solace, 32, Annaswamy Mudaliar Rd, Ulsoor, Bengaluru, Karnataka, India
Matthew Ifield	Find tickets for Matthew Ifield at GYLT in Bengaluru on 6/19/2025 at 8:00 PM	-	-	https://open.spotify.com/concert/3HiSV6VHsjZF6QchcAxKY9	https://encrypted-tbn0.gstatic.com/images?q=tbn:ANd9GcStJp06fbBfbTB7Jx5lMzLD-LkNrzxwXXbudJQci9OW5xXMCG1WYWxpIRNIQw&s=10	music	GYLT, 22, Hennur Bagalur Main Rd, Bengaluru, Karnataka, India
Twilight Tunes ‚Äì 2025, Mausam Mastana	"SriPrasthuthi Trust proudly presents ""Mausam Mastana"", a soul-stirring musical evening that promises to transport the audience to the golden era of Bollywood music. This enchanting program..."	-	-	https://sriprasthuthi.org/events/2025-06-22/	https://encrypted-tbn0.gstatic.com/images?q=tbn:ANd9GcRCPk2QnmOcdzMh7pUs8KAlqpoSeOgzGJ7qDEHaxt85cA&s=10	music	JSS Auditorium, JSS Educational Complex, Jagadguru Sri Shivarathreeswara Circle, 1st Main Rd, near by Nethradhama Eye Hospital, 8th Block, Jayanagar, Bengaluru, Karnataka, India
Tipsyaana Shaam	Immerse yourself in an evening of divine resonance at Tipsyyaana Shaam Sufi Night at Tipsy Bull Whitefield. Let the mesmerizing voice of Hemant Raagi and his band transport you through timeless...	-	-	https://highape.com/bangalore/events/tipsyaana-shaam-4qr4eBqpWy	https://encrypted-tbn0.gstatic.com/images?q=tbn:ANd9GcTBKz69LsmJPmx94VYFssEOK3lYi5ZyZXihrDahYTokRQ&s	music	Tipsyy Bull Brewhouse And Kitchen - Whitefield, 13/4, Hoodi Main Road, Graphite India Main Rd, Signal, Bengaluru, Karnataka, India
Rock Around The World ft. The Adhir Punja Project	Rock Around The World Ft. The Adhir Punja ProjectThe Adhir Punja Project is who they are! Performing well-known English, Hindi, Tamil, and Kannada songs in their own distinctive style. Always...	-	-	https://www.district.in/events/rock-around-the-world-ft-the-adhir-punja-project-jun28-2025-buy-tickets	-	music	Hard Rock Cafe Bengaluru, 40, St Mark's Rd, Bengaluru, Karnataka, India
Trending Thursday Ft Martin Dsouza	Highlights DJ Night ft Martin DSouza Non-Stop Music EDM TechnoNight Dance Floor Mouth-Watering Appetizers CocktailsandMocktails Get ready for an epic night and fun!Were thrilled to feature the...	-	-	https://highape.com/bangalore/events/mad-thursday-ft-martin-dsouza-x-dj-roan-2arD8xgard	-	music	Happy Brew Bar & Kitchen, 5th Block, 40, 4th B Cross, Koramangala Industrial Layout, Koramangala, Bengaluru, Karnataka, India
VILEN LIVE | BANGALORE	Buzzspark & Btwon PresentsVilen Live - Bengaluruüé§ Vilen, the soulful singer-songwriter from Delhi, is all set to take the stage with his much-awaited India Tour,Known for his introspective lyrics...	-	-	https://insider.in/vilen-live-bengaluru-jun27-2025/event	https://encrypted-tbn0.gstatic.com/images?q=tbn:ANd9GcRYvZgyjlP9hDPUPSWpVGFtQHKW-mZ8Fh8UwMWahZ4pkA&s	music	Ignite Super Club, 26, Haralur Main Rd, near HP Petrol Station, Amblipura, PWD Quarters, Ambalipura, HSR Layout, Bengaluru, Karnataka, India
Sundowner Raga	SUNDOWNER RAGA RETURNS üî•Bengaluru ‚Äî brace yourselves for a musical rampage!Headlining this ritual: Siva Prayojan / Raudri, Beyond Charlie, and Zeenix ‚Äî who‚Äôs bringing high-energy sets to blow the...	-	-	https://insider.in/sundowner-raga-jun22-2025/event	https://encrypted-tbn0.gstatic.com/images?q=tbn:ANd9GcSCXdjaG0jxuBvabo2142pDzFL_CfHwePVnRX7VRlX3QA&s	music	Kitty Ko, HOTEL, THE LALIT ASHOK, Kumara Park East, Seshadripuram, Bengaluru, Karnataka, India
Festival Friday	Highlights DJ Night ft DJ Manny Nonstop Music Bollywood Music UK Punjabi Commercial Music Vibrant Atmosphere Unstoppable Energy Mouthwatering Appetizers Cocktails and Mocktails Festival Friday...	-	-	https://highape.com/bangalore/events/festival-friday-K7rOP96yWl	https://encrypted-tbn0.gstatic.com/images?q=tbn:ANd9GcQ855E0Vw-utGT6CvHvIn092pS3X73zmeWrXDIrEm8fuQ&s	music	Ginza, 27, 4th B Cross, 5th Block, Koramangala, Bengaluru, Karnataka, India
Suit And Panda	Highlights DJ Night EDM and Techno Nonstop Music Cocktails and Mocktails Great Ambeince Get ready for a night of electrifying performances featuring the sensational Suit & Panda alongside an...	-	-	https://highape.com/bangalore/events/suit-and-panda-aVWQXNPnrO	https://encrypted-tbn0.gstatic.com/images?q=tbn:ANd9GcSb13DpCuxpx90IdW2wFEkgSyUHFFIY0Dg4FEEuLkWHt25jfeW66AsqDE9HVw&s	music	ZOZO THE CLUB, A-1, D Rajgopala, nagar, Sanjay Nagar Main Rd, Bengaluru, Karnataka, India
SAAZ-E-DLL by Rishab Chauhan and Group	Saaz-e-Dil ‚Äì Performing Live by Rishabh Chauhan & Group ‚Äì is an enchanting musical experience that takes you on a soulful journey through the world of Sufi and Qawwali melodies. Let your heart...	-	-	https://www.district.in/events/saazedll-by-rishab-chauhan-and-grp-jun21-2025-buy-tickets	https://encrypted-tbn0.gstatic.com/images?q=tbn:ANd9GcSaEviwpQRp2kFJI8Zy6Zqm34rg4WxsxxNB0RprRplGjw&s	music	2nd & 3rd floor, Bloom Creative Zone - HSR, AJ Towers, #1174, Bloom Creative Zone - HSR, 24th Main Rd, above Axis Bank, Sector 2, HSR Layout, Bengaluru, Karnataka, India
Jam Eve - A Jamming Show √ó Open Mic	Highlights High-energy jam session and open mic Platform for singers, musicians, poets & performers A creative, welcoming space for self-expression Connect with like-minded artists and music...	-	-	https://highape.com/bangalore/places/catch-up-bangalore	https://encrypted-tbn0.gstatic.com/images?q=tbn:ANd9GcQrAv4hoYDiT7IyEuZGLb_VsaVO31kYDqcK-B0ufQP-vg&s	music	CatchUp- Club, Brew House and Rooftop HSR Layout Bangalore, 253, 17th Cross Rd, 6th Sector, HSR Layout, Bengaluru, Karnataka, India
